{"cameraMode":{"drawMode":0,"name":"Shaded","section":"Shading Mode"},"sceneLighting":false,"audioPlay":false,"sceneViewState":{"showFog":true,"showMaterialUpdate":false,"showSkybox":false,"showFlares":true,"showImageEffects":true,"showParticleSystems":true},"in2DMode":false,"pivot":{"x":-0.42430758476257326,"y":1.3490900993347169,"z":0.7880706787109375},"rotation":{"x":0.048868075013160709,"y":-0.020973268896341325,"z":0.0010260007111355663,"w":0.9985882639884949},"size":91.55912780761719,"orthographic":false}