{"cameraMode":{"drawMode":0,"name":"Shaded","section":"Shading Mode"},"sceneLighting":true,"audioPlay":false,"sceneViewState":{"showFog":true,"showMaterialUpdate":false,"showSkybox":true,"showFlares":true,"showImageEffects":true,"showParticleSystems":true},"in2DMode":false,"pivot":{"x":0.4346674382686615,"y":3.2186713218688967,"z":-2.497525691986084},"rotation":{"x":-0.40393584966659548,"y":0.0005465597496367991,"z":-0.0002422383549856022,"w":-0.9147996306419373},"size":2.4753215312957765,"orthographic":false}