{"cameraMode":{"drawMode":0,"name":"Shaded","section":"Shading Mode"},"sceneLighting":false,"audioPlay":false,"sceneViewState":{"showFog":true,"showMaterialUpdate":false,"showSkybox":false,"showFlares":true,"showImageEffects":true,"showParticleSystems":true},"in2DMode":false,"pivot":{"x":-67.2449951171875,"y":1.0,"z":-37.712501525878909},"rotation":{"x":0.7102693319320679,"y":-0.004223459865897894,"z":0.004261653404682875,"w":0.7039053440093994},"size":15.355525016784668,"orthographic":false}