{"cameraMode":{"drawMode":0,"name":"Shaded","section":"Shading Mode"},"sceneLighting":false,"audioPlay":false,"sceneViewState":{"showFog":true,"showMaterialUpdate":false,"showSkybox":false,"showFlares":true,"showImageEffects":true,"showParticleSystems":true},"in2DMode":false,"pivot":{"x":17.934999465942384,"y":1.0,"z":-4.782500267028809},"rotation":{"x":0.10122442990541458,"y":0.0029847484547644855,"z":-0.0003041470772586763,"w":0.9948632717132568},"size":15.35552978515625,"orthographic":false}